Model,RMSE,R2
Gradient Boosting,1.5989767073400143,0.9949503634069813
Random Forest,1.6590539906156831,0.9945628086573456
Decision Tree,2.2254966349568592,0.990207044292149
Linear Regression,3.011219420812779,0.9820792582688789
